{
  "countrycode": "+39",
  "phoneformat": "(A) XXXXXXXX",
  "country": "Italy",
  "neighborhoods": {
    "corporate": [
      "Milan City Center",
      "Rome Business District",
      "Turin Central Business Area",
      "Florence Business District",
      "Bologna Business Zone",
      "Genoa Central Area",
      "Naples Business District",
      "Venice Business Area",
      "Bari City Center",
      "Catania Business District",
      "Palermo Business Zone",
      "Verona Corporate Area",
      "Lazio Business District",
      "Pisa Business Hub",
      "Trieste Corporate Area",
      "Padua Central District",
      "Vicenza Business Zone",
      "Lecce",
      "Rimini",
      "Siena Business District",
      "Naples Central Business Zone",
      "Modena Business Hub",
      "Reggio Emilia",
      "Cagliari",
      "Ancona",
      "Perugia",
      "Livorno",
      "La Spezia",
      "Salerno",
      "Sicily Corporate Zone",
      "Bologna Corporate Area",
      "Turin Downtown",
      "Florence Central Business Zone",
      "Rome Midtown",
      "Milan Business Hub",
      "Turin Business District",
      "Venice Industrial Area",
      "Milan West Side",
      "Rome North Side",
      "Verona Central Zone",
      "Naples Metropolitan Area",
      "Bari Metropolitan Zone",
      "Genoa Port District",
      "Milan South District",
      "Turin Central Business Zone"
    ],
    "industrial": [
      "Milan Industrial Zone",
      "Genoa Port Industrial District",
      "Turin Industrial Area",
      "Bologna Industrial Complex",
      "Naples Industrial Zone",
      "Catania Industrial District",
      "Venice Industrial Zone",
      "Florence Industrial Area",
      "Bari Industrial Complex",
      "Palermo Industrial District",
      "Verona Industrial Zone",
      "Modena Industrial Park",
      "Reggio Emilia Industrial Complex",
      "Milan North Industrial Park",
      "Turin Industrial Park",
      "Livorno Industrial Zone",
      "Sicily Industrial Complex",
      "Rimini Industrial Zone",
      "Padua Industrial Area",
      "Cagliari Industrial Park",
      "Ancona Industrial Zone",
      "Perugia Industrial District",
      "Trieste Industrial Zone",
      "Vicenza Industrial Park",
      "Salerno Industrial District",
      "La Spezia Industrial Zone",
      "Pisa Industrial Park",
      "Siena Industrial Area",
      "Milan Free Trade Zone",
      "Rome Industrial Complex",
      "Catania Industrial Park",
      "Genoa Free Zone",
      "Turin Free Trade Zone",
      "Naples Free Zone",
      "Modena Free Trade Zone",
      "Bologna Free Zone",
      "Venice Free Zone",
      "Cagliari Free Zone",
      "Bari Free Trade Zone",
      "Verona Industrial Park",
      "Livorno Free Zone",
      "Brescia Industrial Zone",
      "Palermo Free Zone",
      "Ancona Industrial Park",
      "Pescara Industrial Zone",
      "Venezia Industrial Zone"
    ],
    "residential": [
      "Rome",
      "Milan",
      "Florence",
      "Turin",
      "Bologna",
      "Genoa",
      "Naples",
      "Palermo",
      "Catania",
      "Venice",
      "Bari",
      "Verona",
      "Modena",
      "Reggio Emilia",
      "Padua",
      "Vicenza",
      "Siena",
      "Trieste",
      "Lecce",
      "Livorno",
      "Perugia",
      "Cagliari",
      "Ancona",
      "Rimini",
      "Pisa",
      "La Spezia",
      "Salerno",
      "Sicily",
      "Sassari",
      "Pescara",
      "Cosenza",
      "Foggia",
      "Taranto",
      "Arezzo",
      "Brescia",
      "Bolzano",
      "Vibo Valentia",
      "Messina",
      "L'Aquila",
      "Ravenna",
      "Grosseto",
      "Ascoli Piceno",
      "Terni",
      "Lucca",
      "Mantua",
      "Siena",
      "Vercelli",
      "Catanzaro",
      "Novara",
      "Campobasso",
      "Vibo Valentia",
      "Alessandria",
      "Benevento",
      "Viterbo",
      "Isernia",
      "Catania Residential Zone",
      "Macerata"
    ]
  },
  "streetnames": {
    "corporate": [
      "Via del Corso",
      "Via Montenapoleone",
      "Piazza del Duomo",
      "Via della Spiga",
      "Piazza San Marco",
      "Via Roma",
      "Corso Vittorio Emanuele",
      "Piazza Venezia",
      "Via Condotti",
      "Corso Sempione",
      "Via Cavour",
      "Viale Zara",
      "Viale della Repubblica",
      "Corso di Porta Romana",
      "Via San Giovanni",
      "Viale della Liberazione",
      "Via Pavia",
      "Viale Michelangelo",
      "Piazza del Popolo",
      "Via Garibaldi",
      "Piazza Mazzini",
      "Viale delle Nazioni Unite",
      "Via Caracciolo",
      "Viale de La Stazione",
      "Via Dante",
      "Corso Garibaldi",
      "Via Torino",
      "Via Giuseppe Mazzini",
      "Viale delle Rimembranze",
      "Piazza Maggiore",
      "Via XX Settembre",
      "Viale Piave",
      "Viale Lombardia",
      "Corso Italia",
      "Viale della Stazione",
      "Piazza della Repubblica",
      "Via Nazionale",
      "Corso Monforte",
      "Viale di Porta Romana",
      "Piazza Duomo",
      "Via dei Fori Imperiali",
      "Corso di Porta Romana",
      "Via della Liberta",
      "Viale della Vittoria"
    ],
    "industrial": [
      "Via dell'Industria",
      "Via Leonardo Da Vinci",
      "Viale Industriale",
      "Via Stazione Industriale",
      "Corso delle Industrie",
      "Via del Progresso Industriale",
      "Strada Statale Industriale",
      "Via del Lavoro",
      "Viale delle Industrie",
      "Via dei Lavoratori",
      "Via Industriale 1",
      "Viale dell'Innovazione",
      "Via della Tecnica Industriale",
      "Viale della Tecnologia",
      "Via degli Operai",
      "Via del Commercio",
      "Viale dell'Artigianato",
      "Strada Provinciale Industriale",
      "Via Nuova Industria",
      "Viale delle Imprese",
      "Via Pian di Sorrento",
      "Viale delle Lavorazioni",
      "Via dei Macchinari",
      "Via dell'Ingegneria",
      "Viale dei Servizi",
      "Via della Produzione",
      "Corso Tecnico",
      "Via Artigianale",
      "Via delle Attività Industriali",
      "Viale di Sviluppo Industriale",
      "Via di Zona Industriale",
      "Viale Innovativo",
      "Strada Industriale"
    ],
    "residential": [
      "Via Giulia",
      "Via Toscana",
      "Viale delle Alpi",
      "Via San Giovanni",
      "Corso Sempione",
      "Via Piave",
      "Piazza della Libertà",
      "Via Gioberti",
      "Corso Italia",
      "Viale dei Tigli",
      "Via delle Rose",
      "Via delle Magnolie",
      "Viale della Pace",
      "Via delle Viole",
      "Via Roma",
      "Viale San Michele",
      "Via Fratelli Rosselli",
      "Via delle Orchidee",
      "Viale delle Palme",
      "Via Sant'Andrea",
      "Viale Belvedere",
      "Piazza della Repubblica",
      "Via Colonna",
      "Viale Dante",
      "Via Leonardo Da Vinci",
      "Piazza Michelangelo",
      "Via delle Acacie",
      "Viale Cavour",
      "Viale Marconi",
      "Via Margherita",
      "Corso Garibaldi",
      "Via Prati",
      "Via Manzoni",
      "Via della Libertà",
      "Viale dei Giardini",
      "Piazza della Vittoria",
      "Via dei Girasoli",
      "Via Zamboni",
      "Via dei Cipressi",
      "Via degli Aranci",
      "Viale XX Settembre",
      "Via delle Magnolie",
      "Via Andrea Doria",
      "Viale Mazzini",
      "Via dei Pini",
      "Via delle Mimose"
    ]
  },
  "regions": {
    "Abruzzo": {
      "capital": "L'Aquila",
      "cities": {
        "L'Aquila": {
          "zipcodes": [
            "67100",
            "67101",
            "67102",
            "67103",
            "67104"
          ],
          "areacodes": [
            "0862"
          ]
        },
        "Pescara": {
          "zipcodes": [
            "65100",
            "65121",
            "65122",
            "65123",
            "65124"
          ],
          "areacodes": [
            "085"
          ]
        },
        "Teramo": {
          "zipcodes": [
            "64100",
            "64101",
            "64102",
            "64103",
            "64104"
          ],
          "areacodes": [
            "0861"
          ]
        },
        "Chieti": {
          "zipcodes": [
            "66100",
            "66101",
            "66102",
            "66103",
            "66104"
          ],
          "areacodes": [
            "0871"
          ]
        }
      },
      "name": "Abruzzo"
    },
    "Aosta Valley (Valle d'Aosta)": {
      "capital": "Aosta",
      "cities": {
        "Aosta": {
          "zipcodes": [
            "11100",
            "11101",
            "11102",
            "11103",
            "11104"
          ],
          "areacodes": [
            "0165"
          ]
        }
      },
      "name": "Aosta Valley (Valle d'Aosta)"
    },
    "Apulia (Puglia)": {
      "capital": "Bari",
      "cities": {
        "Bari": {
          "zipcodes": [
            "70100",
            "70121",
            "70122",
            "70123",
            "70124"
          ],
          "areacodes": [
            "080"
          ]
        },
        "Lecce": {
          "zipcodes": [
            "73100",
            "73101",
            "73102",
            "73103",
            "73104"
          ],
          "areacodes": [
            "0832"
          ]
        },
        "Taranto": {
          "zipcodes": [
            "74100",
            "74121",
            "74122",
            "74123",
            "74124"
          ],
          "areacodes": [
            "099"
          ]
        },
        "Brindisi": {
          "zipcodes": [
            "72100",
            "72101",
            "72102",
            "72103",
            "72104"
          ],
          "areacodes": [
            "0831"
          ]
        },
        "Foggia": {
          "zipcodes": [
            "71100",
            "71121",
            "71122",
            "71123",
            "71124"
          ],
          "areacodes": [
            "0881"
          ]
        }
      },
      "name": "Apulia (Puglia)"
    },
    "Basilicata": {
      "capital": "Potenza",
      "cities": {
        "Potenza": {
          "zipcodes": [
            "85100",
            "85101",
            "85102",
            "85103",
            "85104"
          ],
          "areacodes": [
            "0971"
          ]
        },
        "Matera": {
          "zipcodes": [
            "75100",
            "75101",
            "75102",
            "75103",
            "75104"
          ],
          "areacodes": [
            "0835"
          ]
        }
      },
      "name": "Basilicata"
    },
    "Calabria": {
      "capital": "Catanzaro",
      "cities": {
        "Catanzaro": {
          "zipcodes": [
            "88100",
            "88101",
            "88102",
            "88103",
            "88104"
          ],
          "areacodes": [
            "0961"
          ]
        },
        "Reggio Calabria": {
          "zipcodes": [
            "89100",
            "89121",
            "89122",
            "89123",
            "89124"
          ],
          "areacodes": [
            "0965"
          ]
        },
        "Cosenza": {
          "zipcodes": [
            "87100",
            "87101",
            "87102",
            "87103",
            "87104"
          ],
          "areacodes": [
            "0984"
          ]
        },
        "Crotone": {
          "zipcodes": [
            "88900",
            "88901",
            "88902",
            "88903",
            "88904"
          ],
          "areacodes": [
            "0962"
          ]
        },
        "Vibo Valentia": {
          "zipcodes": [
            "89900",
            "89901",
            "89902",
            "89903",
            "89904"
          ],
          "areacodes": [
            "0963"
          ]
        }
      },
      "name": "Calabria"
    },
    "Campania": {
      "capital": "Naples",
      "cities": {
        "Naples": {
          "zipcodes": [
            "80100",
            "80121",
            "80122",
            "80123",
            "80124"
          ],
          "areacodes": [
            "081"
          ]
        },
        "Salerno": {
          "zipcodes": [
            "84100",
            "84121",
            "84122",
            "84123",
            "84124"
          ],
          "areacodes": [
            "089"
          ]
        },
        "Caserta": {
          "zipcodes": [
            "81100",
            "81101",
            "81102",
            "81103",
            "81104"
          ],
          "areacodes": [
            "0823"
          ]
        },
        "Avellino": {
          "zipcodes": [
            "83100",
            "83121",
            "83122",
            "83123",
            "83124"
          ],
          "areacodes": [
            "0825"
          ]
        },
        "Benevento": {
          "zipcodes": [
            "82100",
            "82121",
            "82122",
            "82123",
            "82124"
          ],
          "areacodes": [
            "0824"
          ]
        }
      },
      "name": "Campania"
    },
    "Emilia-Romagna": {
      "capital": "Bologna",
      "cities": {
        "Bologna": {
          "zipcodes": [
            "40100",
            "40121",
            "40122",
            "40123",
            "40124"
          ],
          "areacodes": [
            "051"
          ]
        },
        "Modena": {
          "zipcodes": [
            "41100",
            "41121",
            "41122",
            "41123",
            "41124"
          ],
          "areacodes": [
            "059"
          ]
        },
        "Parma": {
          "zipcodes": [
            "43100",
            "43121",
            "43122",
            "43123",
            "43124"
          ],
          "areacodes": [
            "0521"
          ]
        },
        "Reggio Emilia": {
          "zipcodes": [
            "42100",
            "42121",
            "42122",
            "42123",
            "42124"
          ],
          "areacodes": [
            "0522"
          ]
        },
        "Ravenna": {
          "zipcodes": [
            "48100",
            "48121",
            "48122",
            "48123",
            "48124"
          ],
          "areacodes": [
            "0544"
          ]
        },
        "Ferrara": {
          "zipcodes": [
            "44100",
            "44121",
            "44122",
            "44123",
            "44124"
          ],
          "areacodes": [
            "0532"
          ]
        },
        "Forlì": {
          "zipcodes": [
            "47100",
            "47121",
            "47122",
            "47123",
            "47124"
          ],
          "areacodes": [
            "0543"
          ]
        },
        "Cesena": {
          "zipcodes": [
            "47500",
            "47521",
            "47522",
            "47523",
            "47524"
          ],
          "areacodes": [
            "0547"
          ]
        },
        "Rimini": {
          "zipcodes": [
            "47900",
            "47921",
            "47922",
            "47923",
            "47924"
          ],
          "areacodes": [
            "0541"
          ]
        },
        "Piacenza": {
          "zipcodes": [
            "29100",
            "29121",
            "29122",
            "29123",
            "29124"
          ],
          "areacodes": [
            "0523"
          ]
        }
      },
      "name": "Emilia-Romagna"
    },
    "Friuli Venezia Giulia": {
      "capital": "Trieste",
      "cities": {
        "Trieste": {
          "zipcodes": [
            "34100",
            "34121",
            "34122",
            "34123",
            "34124"
          ],
          "areacodes": [
            "040"
          ]
        },
        "Udine": {
          "zipcodes": [
            "33100",
            "33121",
            "33122",
            "33123",
            "33124"
          ],
          "areacodes": [
            "0432"
          ]
        },
        "Pordenone": {
          "zipcodes": [
            "33170",
            "33171",
            "33172",
            "33173",
            "33174"
          ],
          "areacodes": [
            "0434"
          ]
        },
        "Gorizia": {
          "zipcodes": [
            "34170",
            "34171",
            "34172",
            "34173",
            "34174"
          ],
          "areacodes": [
            "0481"
          ]
        },
        "Monfalcone": {
          "zipcodes": [
            "34074",
            "34075",
            "34076",
            "34077",
            "34078"
          ],
          "areacodes": [
            "0481"
          ]
        },
        "Cividale del Friuli": {
          "zipcodes": [
            "33043",
            "33044",
            "33045",
            "33046",
            "33047"
          ],
          "areacodes": [
            "0432"
          ]
        },
        "Tolmezzo": {
          "zipcodes": [
            "33028",
            "33029",
            "33030",
            "33031",
            "33032"
          ],
          "areacodes": [
            "0433"
          ]
        },
        "San Daniele del Friuli": {
          "zipcodes": [
            "33038",
            "33039",
            "33040",
            "33041",
            "33042"
          ],
          "areacodes": [
            "0432"
          ]
        },
        "Maniago": {
          "zipcodes": [
            "33085",
            "33086",
            "33087",
            "33088",
            "33089"
          ],
          "areacodes": [
            "0427"
          ]
        },
        "Latisana": {
          "zipcodes": [
            "33053",
            "33054",
            "33055",
            "33056",
            "33057"
          ],
          "areacodes": [
            "0431"
          ]
        }
      },
      "name": "Friuli Venezia Giulia"
    },
    "Lazio": {
      "capital": "Rome",
      "cities": {
        "Rome": {
          "zipcodes": [
            "00100",
            "00121",
            "00122",
            "00123",
            "00124"
          ],
          "areacodes": [
            "06"
          ]
        },
        "Latina": {
          "zipcodes": [
            "04100",
            "04121",
            "04122",
            "04123",
            "04124"
          ],
          "areacodes": [
            "0773"
          ]
        },
        "Frosinone": {
          "zipcodes": [
            "03100",
            "03121",
            "03122",
            "03123",
            "03124"
          ],
          "areacodes": [
            "0775"
          ]
        },
        "Viterbo": {
          "zipcodes": [
            "01100",
            "01121",
            "01122",
            "01123",
            "01124"
          ],
          "areacodes": [
            "0761"
          ]
        },
        "Rieti": {
          "zipcodes": [
            "02100",
            "02121",
            "02122",
            "02123",
            "02124"
          ],
          "areacodes": [
            "0746"
          ]
        },
        "Civitavecchia": {
          "zipcodes": [
            "00053",
            "00054",
            "00055",
            "00056",
            "00057"
          ],
          "areacodes": [
            "0766"
          ]
        },
        "Pomezia": {
          "zipcodes": [
            "00071",
            "00072",
            "00073",
            "00074",
            "00075"
          ],
          "areacodes": [
            "06"
          ]
        },
        "Anzio": {
          "zipcodes": [
            "00042",
            "00043",
            "00044",
            "00045",
            "00046"
          ],
          "areacodes": [
            "06"
          ]
        },
        "Nettuno": {
          "zipcodes": [
            "00048",
            "00049",
            "00050",
            "00051",
            "00052"
          ],
          "areacodes": [
            "06"
          ]
        },
        "Albano Laziale": {
          "zipcodes": [
            "00041",
            "00042",
            "00043",
            "00044",
            "00045"
          ],
          "areacodes": [
            "06"
          ]
        }
      },
      "name": "Lazio"
    },
    "Liguria": {
      "capital": "Genoa",
      "cities": {
        "Genoa": {
          "zipcodes": [
            "16100",
            "16121",
            "16122",
            "16123",
            "16124"
          ],
          "areacodes": [
            "010"
          ]
        },
        "La Spezia": {
          "zipcodes": [
            "19100",
            "19121",
            "19122",
            "19123",
            "19124"
          ],
          "areacodes": [
            "0187"
          ]
        },
        "Savona": {
          "zipcodes": [
            "17100",
            "17121",
            "17122",
            "17123",
            "17124"
          ],
          "areacodes": [
            "019"
          ]
        },
        "Imperia": {
          "zipcodes": [
            "18100",
            "18121",
            "18122",
            "18123",
            "18124"
          ],
          "areacodes": [
            "0183"
          ]
        },
        "Rapallo": {
          "zipcodes": [
            "16035",
            "16036",
            "16037",
            "16038",
            "16039"
          ],
          "areacodes": [
            "0185"
          ]
        },
        "Chiavari": {
          "zipcodes": [
            "16043",
            "16044",
            "16045",
            "16046",
            "16047"
          ],
          "areacodes": [
            "0185"
          ]
        },
        "Sanremo": {
          "zipcodes": [
            "18038",
            "18039",
            "18040",
            "18041",
            "18042"
          ],
          "areacodes": [
            "0184"
          ]
        },
        "Ventimiglia": {
          "zipcodes": [
            "18039",
            "18040",
            "18041",
            "18042",
            "18043"
          ],
          "areacodes": [
            "0184"
          ]
        },
        "Albenga": {
          "zipcodes": [
            "17031",
            "17032",
            "17033",
            "17034",
            "17035"
          ],
          "areacodes": [
            "0182"
          ]
        },
        "Levanto": {
          "zipcodes": [
            "19015",
            "19016",
            "19017",
            "19018",
            "19019"
          ],
          "areacodes": [
            "0187"
          ]
        }
      },
      "name": "Liguria"
    },
    "Lombardy": {
      "capital": "Milan",
      "cities": {
        "Milan": {
          "zipcodes": [
            "20100",
            "20121",
            "20122",
            "20123",
            "20124"
          ],
          "areacodes": [
            "02"
          ]
        },
        "Bergamo": {
          "zipcodes": [
            "24100",
            "24121",
            "24122",
            "24123",
            "24124"
          ],
          "areacodes": [
            "035"
          ]
        },
        "Brescia": {
          "zipcodes": [
            "25100",
            "25121",
            "25122",
            "25123",
            "25124"
          ],
          "areacodes": [
            "030"
          ]
        },
        "Monza": {
          "zipcodes": [
            "20900",
            "20921",
            "20922",
            "20923",
            "20924"
          ],
          "areacodes": [
            "039"
          ]
        },
        "Pavia": {
          "zipcodes": [
            "27100",
            "27121",
            "27122",
            "27123",
            "27124"
          ],
          "areacodes": [
            "0382"
          ]
        },
        "Como": {
          "zipcodes": [
            "22100",
            "22121",
            "22122",
            "22123",
            "22124"
          ],
          "areacodes": [
            "031"
          ]
        },
        "Lecco": {
          "zipcodes": [
            "23900",
            "23921",
            "23922",
            "23923",
            "23924"
          ],
          "areacodes": [
            "0341"
          ]
        },
        "Mantua": {
          "zipcodes": [
            "46100",
            "46121",
            "46122",
            "46123",
            "46124"
          ],
          "areacodes": [
            "0376"
          ]
        },
        "Varese": {
          "zipcodes": [
            "21100",
            "21121",
            "21122",
            "21123",
            "21124"
          ],
          "areacodes": [
            "0332"
          ]
        },
        "Cremona": {
          "zipcodes": [
            "26100",
            "26121",
            "26122",
            "26123",
            "26124"
          ],
          "areacodes": [
            "0372"
          ]
        }
      },
      "name": "Lombardy"
    },
    "Marche": {
      "capital": "Ancona",
      "cities": {
        "Ancona": {
          "zipcodes": [
            "60100",
            "60121",
            "60122",
            "60123",
            "60124"
          ],
          "areacodes": [
            "071"
          ]
        },
        "Pesaro": {
          "zipcodes": [
            "61100",
            "61121",
            "61122",
            "61123",
            "61124"
          ],
          "areacodes": [
            "0721"
          ]
        },
        "Urbino": {
          "zipcodes": [
            "61029",
            "61030",
            "61031",
            "61032",
            "61033"
          ],
          "areacodes": [
            "0722"
          ]
        },
        "Ascoli Piceno": {
          "zipcodes": [
            "63100",
            "63121",
            "63122",
            "63123",
            "63124"
          ],
          "areacodes": [
            "0736"
          ]
        },
        "Fano": {
          "zipcodes": [
            "61032",
            "61033",
            "61034",
            "61035",
            "61036"
          ],
          "areacodes": [
            "0721"
          ]
        },
        "Macerata": {
          "zipcodes": [
            "62100",
            "62121",
            "62122",
            "62123",
            "62124"
          ],
          "areacodes": [
            "0733"
          ]
        },
        "Senigallia": {
          "zipcodes": [
            "60019",
            "60020",
            "60021",
            "60022",
            "60023"
          ],
          "areacodes": [
            "071"
          ]
        },
        "Civitanova Marche": {
          "zipcodes": [
            "62012",
            "62013",
            "62014",
            "62015",
            "62016"
          ],
          "areacodes": [
            "0733"
          ]
        },
        "Fabriano": {
          "zipcodes": [
            "60044",
            "60045",
            "60046",
            "60047",
            "60048"
          ],
          "areacodes": [
            "0732"
          ]
        },
        "Porto Sant'Elpidio": {
          "zipcodes": [
            "63821",
            "63822",
            "63823",
            "63824",
            "63825"
          ],
          "areacodes": [
            "0734"
          ]
        }
      },
      "name": "Marche"
    },
    "Molise": {
      "capital": "Campobasso",
      "cities": {
        "Campobasso": {
          "zipcodes": [
            "86100",
            "86121",
            "86122",
            "86123",
            "86124"
          ],
          "areacodes": [
            "0874"
          ]
        },
        "Isernia": {
          "zipcodes": [
            "86170",
            "86171",
            "86172",
            "86173",
            "86174"
          ],
          "areacodes": [
            "0865"
          ]
        },
        "Termoli": {
          "zipcodes": [
            "86039",
            "86040",
            "86041",
            "86042",
            "86043"
          ],
          "areacodes": [
            "0875"
          ]
        },
        "Venafro": {
          "zipcodes": [
            "86079",
            "86080",
            "86081",
            "86082",
            "86083"
          ],
          "areacodes": [
            "0865"
          ]
        },
        "Larino": {
          "zipcodes": [
            "86035",
            "86036",
            "86037",
            "86038",
            "86039"
          ],
          "areacodes": [
            "0874"
          ]
        },
        "Agnone": {
          "zipcodes": [
            "86081",
            "86082",
            "86083",
            "86084",
            "86085"
          ],
          "areacodes": [
            "0865"
          ]
        },
        "Bojano": {
          "zipcodes": [
            "86021",
            "86022",
            "86023",
            "86024",
            "86025"
          ],
          "areacodes": [
            "0874"
          ]
        },
        "Riccia": {
          "zipcodes": [
            "86016",
            "86017",
            "86018",
            "86019",
            "86020"
          ],
          "areacodes": [
            "0874"
          ]
        },
        "Montenero di Bisaccia": {
          "zipcodes": [
            "86036",
            "86037",
            "86038",
            "86039",
            "86040"
          ],
          "areacodes": [
            "0875"
          ]
        },
        "Guglionesi": {
          "zipcodes": [
            "86034",
            "86035",
            "86036",
            "86037",
            "86038"
          ],
          "areacodes": [
            "0875"
          ]
        }
      },
      "name": "Molise"
    },
    "Piedmont": {
      "capital": "Turin",
      "cities": {
        "Turin": {
          "zipcodes": [
            "10100",
            "10121",
            "10122",
            "10123",
            "10124"
          ],
          "areacodes": [
            "011"
          ]
        },
        "Alessandria": {
          "zipcodes": [
            "15100",
            "15121",
            "15122",
            "15123",
            "15124"
          ],
          "areacodes": [
            "0131"
          ]
        },
        "Asti": {
          "zipcodes": [
            "14100",
            "14121",
            "14122",
            "14123",
            "14124"
          ],
          "areacodes": [
            "0141"
          ]
        },
        "Novara": {
          "zipcodes": [
            "28100",
            "28121",
            "28122",
            "28123",
            "28124"
          ],
          "areacodes": [
            "0321"
          ]
        },
        "Cuneo": {
          "zipcodes": [
            "12100",
            "12121",
            "12122",
            "12123",
            "12124"
          ],
          "areacodes": [
            "0171"
          ]
        },
        "Biella": {
          "zipcodes": [
            "13900",
            "13921",
            "13922",
            "13923",
            "13924"
          ],
          "areacodes": [
            "015"
          ]
        },
        "Verbania": {
          "zipcodes": [
            "28900",
            "28921",
            "28922",
            "28923",
            "28924"
          ],
          "areacodes": [
            "0323"
          ]
        },
        "Vercelli": {
          "zipcodes": [
            "13100",
            "13121",
            "13122",
            "13123",
            "13124"
          ],
          "areacodes": [
            "0161"
          ]
        },
        "Ivrea": {
          "zipcodes": [
            "10015",
            "10016",
            "10017",
            "10018",
            "10019"
          ],
          "areacodes": [
            "0125"
          ]
        },
        "Tortona": {
          "zipcodes": [
            "15057",
            "15058",
            "15059",
            "15060",
            "15061"
          ],
          "areacodes": [
            "0131"
          ]
        }
      },
      "name": "Piedmont"
    },
    "Sardinia": {
      "capital": "Cagliari",
      "cities": {
        "Cagliari": {
          "zipcodes": [
            "09100",
            "09121",
            "09122",
            "09123",
            "09124"
          ],
          "areacodes": [
            "070"
          ]
        },
        "Sassari": {
          "zipcodes": [
            "07100",
            "07121",
            "07122",
            "07123",
            "07124"
          ],
          "areacodes": [
            "079"
          ]
        },
        "Olbia": {
          "zipcodes": [
            "07026",
            "07027",
            "07028",
            "07029",
            "07030"
          ],
          "areacodes": [
            "0789"
          ]
        },
        "Nuoro": {
          "zipcodes": [
            "08100",
            "08121",
            "08122",
            "08123",
            "08124"
          ],
          "areacodes": [
            "0784"
          ]
        },
        "Oristano": {
          "zipcodes": [
            "09170",
            "09171",
            "09172",
            "09173",
            "09174"
          ],
          "areacodes": [
            "0783"
          ]
        },
        "Alghero": {
          "zipcodes": [
            "07041",
            "07042",
            "07043",
            "07044",
            "07045"
          ],
          "areacodes": [
            "079"
          ]
        },
        "Carbonia": {
          "zipcodes": [
            "09013",
            "09014",
            "09015",
            "09016",
            "09017"
          ],
          "areacodes": [
            "0781"
          ]
        },
        "Porto Torres": {
          "zipcodes": [
            "07046",
            "07047",
            "07048",
            "07049",
            "07050"
          ],
          "areacodes": [
            "079"
          ]
        },
        "Iglesias": {
          "zipcodes": [
            "09016",
            "09017",
            "09018",
            "09019",
            "09020"
          ],
          "areacodes": [
            "0781"
          ]
        },
        "Tempio Pausania": {
          "zipcodes": [
            "07029",
            "07030",
            "07031",
            "07032",
            "07033"
          ],
          "areacodes": [
            "079"
          ]
        }
      },
      "name": "Sardinia"
    },
    "Sicily": {
      "capital": "Palermo",
      "cities": {
        "Palermo": {
          "zipcodes": [
            "90100",
            "90121",
            "90122",
            "90123",
            "90124"
          ],
          "areacodes": [
            "091"
          ]
        },
        "Catania": {
          "zipcodes": [
            "95100",
            "95121",
            "95122",
            "95123",
            "95124"
          ],
          "areacodes": [
            "095"
          ]
        },
        "Messina": {
          "zipcodes": [
            "98100",
            "98121",
            "98122",
            "98123",
            "98124"
          ],
          "areacodes": [
            "090"
          ]
        },
        "Syracuse": {
          "zipcodes": [
            "96100",
            "96121",
            "96122",
            "96123",
            "96124"
          ],
          "areacodes": [
            "0931"
          ]
        },
        "Trapani": {
          "zipcodes": [
            "91100",
            "91121",
            "91122",
            "91123",
            "91124"
          ],
          "areacodes": [
            "0923"
          ]
        },
        "Ragusa": {
          "zipcodes": [
            "97100",
            "97121",
            "97122",
            "97123",
            "97124"
          ],
          "areacodes": [
            "0932"
          ]
        },
        "Agrigento": {
          "zipcodes": [
            "92100",
            "92121",
            "92122",
            "92123",
            "92124"
          ],
          "areacodes": [
            "0922"
          ]
        },
        "Enna": {
          "zipcodes": [
            "94100",
            "94121",
            "94122",
            "94123",
            "94124"
          ],
          "areacodes": [
            "0935"
          ]
        },
        "Caltanissetta": {
          "zipcodes": [
            "93100",
            "93121",
            "93122",
            "93123",
            "93124"
          ],
          "areacodes": [
            "0934"
          ]
        },
        "Gela": {
          "zipcodes": [
            "93012",
            "93013",
            "93014",
            "93015",
            "93016"
          ],
          "areacodes": [
            "0933"
          ]
        }
      },
      "name": "Sicily"
    },
    "Tuscany": {
      "capital": "Florence",
      "cities": {
        "Florence": {
          "zipcodes": [
            "50100",
            "50121",
            "50122",
            "50123",
            "50124"
          ],
          "areacodes": [
            "055"
          ]
        },
        "Pisa": {
          "zipcodes": [
            "56100",
            "56121",
            "56122",
            "56123",
            "56124"
          ],
          "areacodes": [
            "050"
          ]
        },
        "Siena": {
          "zipcodes": [
            "53100",
            "53121",
            "53122",
            "53123",
            "53124"
          ],
          "areacodes": [
            "0577"
          ]
        },
        "Lucca": {
          "zipcodes": [
            "55100",
            "55121",
            "55122",
            "55123",
            "55124"
          ],
          "areacodes": [
            "0583"
          ]
        },
        "Arezzo": {
          "zipcodes": [
            "52100",
            "52121",
            "52122",
            "52123",
            "52124"
          ],
          "areacodes": [
            "0575"
          ]
        },
        "Livorno": {
          "zipcodes": [
            "57100",
            "57121",
            "57122",
            "57123",
            "57124"
          ],
          "areacodes": [
            "0586"
          ]
        },
        "Prato": {
          "zipcodes": [
            "59100",
            "59121",
            "59122",
            "59123",
            "59124"
          ],
          "areacodes": [
            "0574"
          ]
        },
        "Grosseto": {
          "zipcodes": [
            "58100",
            "58121",
            "58122",
            "58123",
            "58124"
          ],
          "areacodes": [
            "0564"
          ]
        },
        "Pistoia": {
          "zipcodes": [
            "51100",
            "51121",
            "51122",
            "51123",
            "51124"
          ],
          "areacodes": [
            "0573"
          ]
        },
        "Massa": {
          "zipcodes": [
            "54100",
            "54121",
            "54122",
            "54123",
            "54124"
          ],
          "areacodes": [
            "0585"
          ]
        }
      },
      "name": "Tuscany"
    },
    "Trentino-Alto Adige/Südtirol": {
      "capital": "Trento",
      "cities": {
        "Trento": {
          "zipcodes": [
            "38100",
            "38121",
            "38122",
            "38123",
            "38124"
          ],
          "areacodes": [
            "0461"
          ]
        },
        "Bolzano (Bozen)": {
          "zipcodes": [
            "39100",
            "39121",
            "39122",
            "39123",
            "39124"
          ],
          "areacodes": [
            "0471"
          ]
        },
        "Rovereto": {
          "zipcodes": [
            "38068",
            "38069",
            "38070",
            "38071",
            "38072"
          ],
          "areacodes": [
            "0464"
          ]
        },
        "Merano (Meran)": {
          "zipcodes": [
            "39012",
            "39013",
            "39014",
            "39015",
            "39016"
          ],
          "areacodes": [
            "0473"
          ]
        },
        "Bressanone (Brixen)": {
          "zipcodes": [
            "39042",
            "39043",
            "39044",
            "39045",
            "39046"
          ],
          "areacodes": [
            "0472"
          ]
        },
        "Brunico (Bruneck)": {
          "zipcodes": [
            "39031",
            "39032",
            "39033",
            "39034",
            "39035"
          ],
          "areacodes": [
            "0474"
          ]
        },
        "Lana": {
          "zipcodes": [
            "39011",
            "39012",
            "39013",
            "39014",
            "39015"
          ],
          "areacodes": [
            "0473"
          ]
        },
        "Ortisei": {
          "zipcodes": [
            "39046",
            "39047",
            "39048",
            "39049",
            "39050"
          ],
          "areacodes": [
            "0471"
          ]
        },
        "Caldaro (Kaltern)": {
          "zipcodes": [
            "39052",
            "39053",
            "39054",
            "39055",
            "39056"
          ],
          "areacodes": [
            "0471"
          ]
        },
        "Laives (Leifers)": {
          "zipcodes": [
            "39055",
            "39056",
            "39057",
            "39058",
            "39059"
          ],
          "areacodes": [
            "0471"
          ]
        }
      },
      "name": "Trentino-Alto Adige/Südtirol"
    },
    "Umbria": {
      "capital": "Perugia",
      "cities": {
        "Perugia": {
          "zipcodes": [
            "06100",
            "06121",
            "06122",
            "06123",
            "06124"
          ],
          "areacodes": [
            "075"
          ]
        },
        "Terni": {
          "zipcodes": [
            "05100",
            "05121",
            "05122",
            "05123",
            "05124"
          ],
          "areacodes": [
            "0744"
          ]
        },
        "Foligno": {
          "zipcodes": [
            "06034",
            "06035",
            "06036",
            "06037",
            "06038"
          ],
          "areacodes": [
            "0742"
          ]
        },
        "Spoleto": {
          "zipcodes": [
            "06049",
            "06050",
            "06051",
            "06052",
            "06053"
          ],
          "areacodes": [
            "0743"
          ]
        },
        "Città di Castello": {
          "zipcodes": [
            "06012",
            "06013",
            "06014",
            "06015",
            "06016"
          ],
          "areacodes": [
            "075"
          ]
        },
        "Assisi": {
          "zipcodes": [
            "06081",
            "06082",
            "06083",
            "06084",
            "06085"
          ],
          "areacodes": [
            "075"
          ]
        },
        "Gubbio": {
          "zipcodes": [
            "06024",
            "06025",
            "06026",
            "06027",
            "06028"
          ],
          "areacodes": [
            "075"
          ]
        },
        "Orvieto": {
          "zipcodes": [
            "05018",
            "05019",
            "05020",
            "05021",
            "05022"
          ],
          "areacodes": [
            "0763"
          ]
        },
        "Todi": {
          "zipcodes": [
            "06059",
            "06060",
            "06061",
            "06062",
            "06063"
          ],
          "areacodes": [
            "075"
          ]
        },
        "Bastia Umbra": {
          "zipcodes": [
            "06083",
            "06084",
            "06085",
            "06086",
            "06087"
          ],
          "areacodes": [
            "075"
          ]
        }
      },
      "name": "Umbria"
    },
    "Veneto": {
      "capital": "Venice",
      "cities": {
        "Venice": {
          "zipcodes": [
            "30100",
            "30121",
            "30122",
            "30123",
            "30124"
          ],
          "areacodes": [
            "041"
          ]
        },
        "Verona": {
          "zipcodes": [
            "37100",
            "37121",
            "37122",
            "37123",
            "37124"
          ],
          "areacodes": [
            "045"
          ]
        },
        "Padua (Padova)": {
          "zipcodes": [
            "35100",
            "35121",
            "35122",
            "35123",
            "35124"
          ],
          "areacodes": [
            "049"
          ]
        },
        "Treviso": {
          "zipcodes": [
            "31100",
            "31121",
            "31122",
            "31123",
            "31124"
          ],
          "areacodes": [
            "0422"
          ]
        },
        "Vicenza": {
          "zipcodes": [
            "36100",
            "36121",
            "36122",
            "36123",
            "36124"
          ],
          "areacodes": [
            "0444"
          ]
        },
        "Rovigo": {
          "zipcodes": [
            "45100",
            "45121",
            "45122",
            "45123",
            "45124"
          ],
          "areacodes": [
            "0425"
          ]
        },
        "Belluno": {
          "zipcodes": [
            "32100",
            "32121",
            "32122",
            "32123",
            "32124"
          ],
          "areacodes": [
            "0437"
          ]
        },
        "Chioggia": {
          "zipcodes": [
            "30015",
            "30016",
            "30017",
            "30018",
            "30019"
          ],
          "areacodes": [
            "041"
          ]
        },
        "Mestre": {
          "zipcodes": [
            "30171",
            "30172",
            "30173",
            "30174",
            "30175"
          ],
          "areacodes": [
            "041"
          ]
        },
        "Bassano del Grappa": {
          "zipcodes": [
            "36061",
            "36062",
            "36063",
            "36064",
            "36065"
          ],
          "areacodes": [
            "0424"
          ]
        }
      },
      "name": "Veneto"
    }
  },
  "citycontainers": [
    "regions"
  ],
  "firstnames": [
    "Leonardo",
    "Giuseppe",
    "Francesco",
    "Alessandro",
    "Matteo",
    "Lorenzo",
    "Andrea",
    "Gabriele",
    "Tommaso",
    "Riccardo",
    "Marco",
    "Edoardo",
    "Antonio",
    "Giovanni",
    "Giulia",
    "Martina",
    "Sara",
    "Alessia",
    "Marta",
    "Federico",
    "Luca",
    "Nicola",
    "Simone",
    "Vincenzo",
    "Davide",
    "Sofia",
    "Chiara",
    "Alba",
    "Emma",
    "Sara",
    "Federica",
    "Irene",
    "Valentina",
    "Elena",
    "Asia",
    "Ludovica",
    "Rachele",
    "Veronica",
    "Claudia",
    "Michele",
    "Stefano",
    "Arianna"
  ],
  "lastnames": [
    "Rossi",
    "Russo",
    "Ferrari",
    "Esposito",
    "Bianchi",
    "Romano",
    "Colombo",
    "Ricci",
    "Marino",
    "Greco",
    "Bruno",
    "Gallo",
    "De Luca",
    "Mancini",
    "Costa",
    "Giordano",
    "Conte",
    "Benedetti",
    "Lombardi",
    "Sorrentino",
    "Martini",
    "Valentini",
    "Gatti",
    "Caruso",
    "Fontana",
    "Martelli",
    "Santoro",
    "Monti",
    "Giuliani",
    "Corsi",
    "Miele",
    "Serra",
    "Pellegrini",
    "Lanza",
    "Pavan",
    "Vitali",
    "Cavalieri",
    "Giorgi",
    "Alessi",
    "Ricciardi",
    "Sanna"
  ]
}