{
    "streetnames": {
        "corporate": [
            "Shinjuku Street",
            "Roppongi Avenue",
            "Nihonbashi Road",
            "Ginza Boulevard",
            "Shibuya Crossing",
            "Minato Street",
            "Akasaka Road",
            "Shinagawa Avenue",
            "Otemachi Road",
            "Kanda Street",
            "Toranomon Avenue",
            "Chiyoda Street",
            "Harajuku Boulevard",
            "Ikebukuro Road",
            "Ueno Avenue",
            "Suginami Street",
            "Ochanomizu Road",
            "Ebisu Avenue",
            "Meiji Avenue",
            "Kichijoji Road",
            "Shinbashi Street",
            "Naka-Meguro Avenue",
            "Kanda-Nishikicho Road",
            "Shin-Ochanomizu Street",
            "Sumida Street",
            "Daikanyama Road",
            "Akihabara Avenue",
            "Nakano Street",
            "Omotesando Boulevard",
            "Gotanda Avenue",
            "Karuizawa Street",
            "Kobe Harbor Road",
            "Shinjuku-Gyoen Avenue",
            "Kichijoji Blvd",
            "Shibuya-eki Road",
            "Tama Street",
            "Sapporo Central Boulevard",
            "Umeda Avenue",
            "Osaka Station Road",
            "Kawasaki Main Street",
            "Chiba Industrial Road",
            "Yokohama Harbor Boulevard",
            "Hakata Street",
            "Nagoya District Road",
            "Hokkaido Road",
            "Fukuoka Station Avenue",
            "Kyoto City Road",
            "Kagoshima Blvd",
            "Shizuoka Road",
            "Kochi Boulevard",
            "Kobe City Avenue"
        ],
        "industrial": [
            "Sakae Industrial Road",
            "Sumoto Industrial Avenue",
            "Osaka Factory Street",
            "Kobe Industrial Boulevard",
            "Okinawa Industrial Lane",
            "Saitama Industrial Road",
            "Chiba Production Avenue",
            "Sapporo Tech Road",
            "Tama Industrial Street",
            "Shizuoka Manufacturing Road",
            "Kochi Industrial Blvd",
            "Ibaraki Production Road",
            "Akihabara Tech Lane",
            "Tachikawa Industrial Avenue",
            "Yokohama Industrial Boulevard",
            "Nagasaki Factory Road",
            "Kawasaki Production Street",
            "Utsunomiya Factory Road",
            "Okinawa Factory Avenue",
            "Chiba Tech Boulevard",
            "Hokuto Manufacturing Lane",
            "Toyohashi Industrial Road",
            "Fukuoka Factory Boulevard",
            "Sapporo Industrial Lane",
            "Himeji Production Road",
            "Kurashiki Factory Avenue",
            "Shiga Industrial Road",
            "Shinagawa Manufacturing Blvd",
            "Kobe Tech Street",
            "Nara Production Avenue",
            "Niigata Industrial Lane",
            "Aichi Factory Blvd",
            "Hiroshima Tech Road",
            "Nagoya Industrial Lane",
            "Gunma Manufacturing Street",
            "Kagoshima Production Avenue",
            "Mito Industrial Road",
            "Chuo Tech Boulevard",
            "Okayama Manufacturing Road",
            "Saitama Tech Lane",
            "Sendai Factory Blvd",
            "Fukuoka Tech Road",
            "Kinki Industrial Avenue",
            "Kochi Tech Street",
            "Yamagata Factory Lane",
            "Tokyo Industrial Blvd",
            "Gifu Manufacturing Avenue",
            "Shiga Tech Street"
        ],
        "residential": [
            "Kichijoji Residential Road",
            "Setagaya Street",
            "Nerima Avenue",
            "Suginami Road",
            "Nakano Residential Lane",
            "Meguro Avenue",
            "Minato Street",
            "Shibuya Residential Road",
            "Shinagawa Avenue",
            "Harajuku Lane",
            "Ebisu Road",
            "Ikebukuro Residential Street",
            "Shinjuku District Road",
            "Suginami Avenue",
            "Chigasaki Street",
            "Ueno Residential Lane",
            "Ochanomizu Road",
            "Kichijoji Blvd",
            "Tama Residential Road",
            "Akihabara Lane",
            "Yokohama Road",
            "Ota Residential Avenue",
            "Fukuoka Residential Lane",
            "Kobe Residential Blvd",
            "Shibuya-eki Road",
            "Daikanyama Lane",
            "Sumida Residential Blvd",
            "Bunkyo Street",
            "Ikebukuro Blvd",
            "Harajuku Residential Road",
            "Ochanomizu Street",
            "Setagaya Residential Avenue",
            "Asakusa Road",
            "Shinjuku-Gyoen Boulevard",
            "Kanda Residential Street",
            "Karuizawa Avenue",
            "Toshima Residential Road",
            "Chiyoda Residential Blvd",
            "Kawasaki Street",
            "Tama Avenue",
            "Nakano District Blvd",
            "Kochi Lane",
            "Kinki Residential Road",
            "Utsunomiya Blvd",
            "Kyoto Residential Lane",
            "Kagawa Street",
            "Fukuoka Lane",
            "Hokkaido Residential Blvd",
            "Sapporo Blvd"
        ]
    },
    "neighborhoods": {
        "corporate": [
            "Shibuya",
            "Roppongi",
            "Akasaka",
            "Minato",
            "Shinjuku",
            "Ginza",
            "Otemachi",
            "Nihonbashi",
            "Kanda",
            "Chiyoda",
            "Ikebukuro",
            "Harajuku",
            "Shinagawa",
            "Ebisu",
            "Naka-Meguro",
            "Omotesando",
            "Ueno",
            "Shinbashi",
            "Akihabara",
            "Toranomon",
            "Suginami",
            "Kichijoji",
            "Tama",
            "Sapporo",
            "Umeda",
            "Kyoto",
            "Nagoya",
            "Kawasaki",
            "Fukuoka",
            "Yokohama",
            "Kobe",
            "Sendai",
            "Hokkaido",
            "Osaka",
            "Saitama",
            "Okinawa",
            "Shizuoka",
            "Hiroshima",
            "Chiba",
            "Nagasaki",
            "Shiga",
            "Fukui",
            "Kochi",
            "Shizuoka",
            "Kochi",
            "Kagoshima",
            "Shimane",
            "Ibaraki",
            "Niigata",
            "Gifu"
        ],
        "industrial": [
            "Sakae",
            "Sumoto",
            "Osaka",
            "Kobe",
            "Okinawa",
            "Saitama",
            "Chiba",
            "Sapporo",
            "Tachikawa",
            "Toyohashi",
            "Kurashiki",
            "Fukuoka",
            "Sapporo",
            "Hokuto",
            "Ibaraki",
            "Akihabara",
            "Tama",
            "Shinagawa",
            "Kochi",
            "Tachikawa",
            "Utsunomiya",
            "Shiga",
            "Aichi",
            "Gunma",
            "Kinki",
            "Okayama",
            "Niigata",
            "Mito",
            "Fukuoka",
            "Sendai",
            "Chuo",
            "Gifu",
            "Nagoya",
            "Shiga",
            "Tama",
            "Chuo",
            "Kinki",
            "Yokohama",
            "Kochi",
            "Mito",
            "Shinagawa",
            "Yokohama",
            "Sendai",
            "Gifu",
            "Hokkaido",
            "Shimane",
            "Akita",
            "Sapporo",
            "Hiroshima"
        ],
        "residential": [
            "Setagaya",
            "Nerima",
            "Nakano",
            "Suginami",
            "Shibuya",
            "Minato",
            "Kichijoji",
            "Ebisu",
            "Ikebukuro",
            "Shinjuku",
            "Tama",
            "Harajuku",
            "Ochanomizu",
            "Sumida",
            "Bunkyo",
            "Kawasaki",
            "Tama",
            "Fukuoka",
            "Kobe",
            "Chigasaki",
            "Ueno",
            "Shinjuku-Gyoen",
            "Shibuya-eki",
            "Daikanyama",
            "Ota",
            "Setagaya",
            "Bunkyo",
            "Meguro",
            "Shinagawa",
            "Suginami",
            "Asakusa",
            "Kichijoji",
            "Ochanomizu",
            "Tama",
            "Ikebukuro",
            "Fukuoka",
            "Kyoto",
            "Sapporo",
            "Toshima",
            "Kawasaki",
            "Okinawa",
            "Shizuoka",
            "Kochi",
            "Utsunomiya",
            "Kinki",
            "Chuo",
            "Kagoshima",
            "Sapporo",
            "Okinawa",
            "Saitama"
        ]
    },
    "countrycode": "+81",
    "phoneformat": "(A) XXXXX",
    "country": "Japan",
    "prefectures": {
        "Tokyo": {
            "name": "Tokyo",
            "cities": [
                {
                    "cityname": "Shibuya",
                    "zipcodes": [
                        "15000",
                        "15001",
                        "15002",
                        "15003",
                        "15004"
                    ],
                    "areacodes": [
                        "03"
                    ]
                },
                {
                    "cityname": "Shinjuku",
                    "zipcodes": [
                        "16000",
                        "16001",
                        "16002",
                        "16003",
                        "16004"
                    ],
                    "areacodes": [
                        "03"
                    ]
                },
                {
                    "cityname": "Minato",
                    "zipcodes": [
                        "10500",
                        "10501",
                        "10502",
                        "10503",
                        "10504"
                    ],
                    "areacodes": [
                        "03"
                    ]
                },
                {
                    "cityname": "Taito",
                    "zipcodes": [
                        "11000",
                        "11001",
                        "11002",
                        "11003",
                        "11004"
                    ],
                    "areacodes": [
                        "03"
                    ]
                },
                {
                    "cityname": "Setagaya",
                    "zipcodes": [
                        "15400",
                        "15401",
                        "15402",
                        "15403",
                        "15404"
                    ],
                    "areacodes": [
                        "03"
                    ]
                }
            ]
        },
        "Kanagawa": {
            "name": "Kanagawa",
            "cities": [
                {
                    "cityname": "Yokohama",
                    "zipcodes": [
                        "22000",
                        "22001",
                        "22002",
                        "22003",
                        "22004"
                    ],
                    "areacodes": [
                        "045"
                    ]
                },
                {
                    "cityname": "Kawasaki",
                    "zipcodes": [
                        "21000",
                        "21001",
                        "21002",
                        "21003",
                        "21004"
                    ],
                    "areacodes": [
                        "044"
                    ]
                },
                {
                    "cityname": "Kamakura",
                    "zipcodes": [
                        "24800",
                        "24801",
                        "24802",
                        "24803",
                        "24804"
                    ],
                    "areacodes": [
                        "0467"
                    ]
                },
                {
                    "cityname": "Hakone",
                    "zipcodes": [
                        "25000",
                        "25001",
                        "25002",
                        "25003",
                        "25004"
                    ],
                    "areacodes": [
                        "0460"
                    ]
                },
                {
                    "cityname": "Zushi",
                    "zipcodes": [
                        "24900",
                        "24901",
                        "24902",
                        "24903",
                        "24904"
                    ],
                    "areacodes": [
                        "0468"
                    ]
                }
            ]
        },
        "Osaka": {
            "name": "Osaka",
            "cities": [
                {
                    "cityname": "Osaka City",
                    "zipcodes": [
                        "53000",
                        "53001",
                        "53002",
                        "53003",
                        "53004"
                    ],
                    "areacodes": [
                        "06"
                    ]
                },
                {
                    "cityname": "Sakai",
                    "zipcodes": [
                        "59000",
                        "59001",
                        "59002",
                        "59003",
                        "59004"
                    ],
                    "areacodes": [
                        "072"
                    ]
                },
                {
                    "cityname": "Takasaki",
                    "zipcodes": [
                        "37000",
                        "37001",
                        "37002",
                        "37003",
                        "37004"
                    ],
                    "areacodes": [
                        "072"
                    ]
                },
                {
                    "cityname": "Minoh",
                    "zipcodes": [
                        "56200",
                        "56201",
                        "56202",
                        "56203",
                        "56204"
                    ],
                    "areacodes": [
                        "072"
                    ]
                },
                {
                    "cityname": "Hirakata",
                    "zipcodes": [
                        "57300",
                        "57301",
                        "57302",
                        "57303",
                        "57304"
                    ],
                    "areacodes": [
                        "072"
                    ]
                }
            ]
        },
        "Aichi": {
            "name": "Aichi",
            "cities": [
                {
                    "cityname": "Nagoya",
                    "zipcodes": [
                        "46000",
                        "46001",
                        "46002",
                        "46003",
                        "46004"
                    ],
                    "areacodes": [
                        "052"
                    ]
                },
                {
                    "cityname": "Toyota",
                    "zipcodes": [
                        "47100",
                        "47101",
                        "47102",
                        "47103",
                        "47104"
                    ],
                    "areacodes": [
                        "0565"
                    ]
                },
                {
                    "cityname": "Okazaki",
                    "zipcodes": [
                        "44400",
                        "44401",
                        "44402",
                        "44403",
                        "44404"
                    ],
                    "areacodes": [
                        "0564"
                    ]
                },
                {
                    "cityname": "Inuyama",
                    "zipcodes": [
                        "48400",
                        "48401",
                        "48402",
                        "48403",
                        "48404"
                    ],
                    "areacodes": [
                        "0568"
                    ]
                },
                {
                    "cityname": "Seto",
                    "zipcodes": [
                        "48900",
                        "48901",
                        "48902",
                        "48903",
                        "48904"
                    ],
                    "areacodes": [
                        "0561"
                    ]
                }
            ]
        },
        "Saitama": {
            "name": "Saitama",
            "cities": [
                {
                    "cityname": "Saitama City",
                    "zipcodes": [
                        "33000",
                        "33001",
                        "33002",
                        "33003",
                        "33004"
                    ],
                    "areacodes": [
                        "048"
                    ]
                },
                {
                    "cityname": "Kawagoe",
                    "zipcodes": [
                        "35000",
                        "35001",
                        "35002",
                        "35003",
                        "35004"
                    ],
                    "areacodes": [
                        "049"
                    ]
                },
                {
                    "cityname": "Urawa",
                    "zipcodes": [
                        "33010",
                        "33011",
                        "33012",
                        "33013",
                        "33014"
                    ],
                    "areacodes": [
                        "048"
                    ]
                },
                {
                    "cityname": "Koshigaya",
                    "zipcodes": [
                        "34300",
                        "34301",
                        "34302",
                        "34303",
                        "34304"
                    ],
                    "areacodes": [
                        "048"
                    ]
                },
                {
                    "cityname": "Kawaguchi",
                    "zipcodes": [
                        "33200",
                        "33201",
                        "33202",
                        "33203",
                        "33204"
                    ],
                    "areacodes": [
                        "048"
                    ]
                }
            ]
        },
        "Chiba": {
            "name": "Chiba",
            "cities": [
                {
                    "cityname": "Chiba City",
                    "zipcodes": [
                        "26000",
                        "26001",
                        "26002",
                        "26003",
                        "26004"
                    ],
                    "areacodes": [
                        "043"
                    ]
                },
                {
                    "cityname": "Funabashi",
                    "zipcodes": [
                        "27300",
                        "27301",
                        "27302",
                        "27303",
                        "27304"
                    ],
                    "areacodes": [
                        "047"
                    ]
                },
                {
                    "cityname": "Kashiwa",
                    "zipcodes": [
                        "27700",
                        "27701",
                        "27702",
                        "27703",
                        "27704"
                    ],
                    "areacodes": [
                        "04"
                    ]
                },
                {
                    "cityname": "Narita",
                    "zipcodes": [
                        "28600",
                        "28601",
                        "28602",
                        "28603",
                        "28604"
                    ],
                    "areacodes": [
                        "0476"
                    ]
                },
                {
                    "cityname": "Matsudo",
                    "zipcodes": [
                        "27000",
                        "27001",
                        "27002",
                        "27003",
                        "27004"
                    ],
                    "areacodes": [
                        "047"
                    ]
                }
            ]
        },
        "Hyogo": {
            "name": "Hyogo",
            "cities": [
                {
                    "cityname": "Kobe",
                    "zipcodes": [
                        "65000",
                        "65001",
                        "65002",
                        "65003",
                        "65004"
                    ],
                    "areacodes": [
                        "078"
                    ]
                },
                {
                    "cityname": "Himeji",
                    "zipcodes": [
                        "67000",
                        "67001",
                        "67002",
                        "67003",
                        "67004"
                    ],
                    "areacodes": [
                        "079"
                    ]
                },
                {
                    "cityname": "Akashi",
                    "zipcodes": [
                        "67400",
                        "67401",
                        "67402",
                        "67403",
                        "67404"
                    ],
                    "areacodes": [
                        "078"
                    ]
                },
                {
                    "cityname": "Amagasaki",
                    "zipcodes": [
                        "66000",
                        "66001",
                        "66002",
                        "66003",
                        "66004"
                    ],
                    "areacodes": [
                        "06"
                    ]
                },
                {
                    "cityname": "Nishinomiya",
                    "zipcodes": [
                        "66200",
                        "66201",
                        "66202",
                        "66203",
                        "66204"
                    ],
                    "areacodes": [
                        "0798"
                    ]
                }
            ]
        },
        "Hokkaido": {
            "name": "Hokkaido",
            "cities": [
                {
                    "cityname": "Sapporo",
                    "zipcodes": [
                        "06000",
                        "06001",
                        "06002",
                        "06003",
                        "06004"
                    ],
                    "areacodes": [
                        "011"
                    ]
                },
                {
                    "cityname": "Hakodate",
                    "zipcodes": [
                        "04000",
                        "04001",
                        "04002",
                        "04003",
                        "04004"
                    ],
                    "areacodes": [
                        "0138"
                    ]
                },
                {
                    "cityname": "Asahikawa",
                    "zipcodes": [
                        "07000",
                        "07001",
                        "07002",
                        "07003",
                        "07004"
                    ],
                    "areacodes": [
                        "0166"
                    ]
                },
                {
                    "cityname": "Otaru",
                    "zipcodes": [
                        "04700",
                        "04701",
                        "04702",
                        "04703",
                        "04704"
                    ],
                    "areacodes": [
                        "0134"
                    ]
                },
                {
                    "cityname": "Tomakomai",
                    "zipcodes": [
                        "05900",
                        "05901",
                        "05902",
                        "05903",
                        "05904"
                    ],
                    "areacodes": [
                        "0144"
                    ]
                }
            ]
        },
        "Fukuoka": {
            "name": "Fukuoka",
            "cities": [
                {
                    "cityname": "Fukuoka City",
                    "zipcodes": [
                        "81000",
                        "81001",
                        "81002",
                        "81003",
                        "81004"
                    ],
                    "areacodes": [
                        "092"
                    ]
                },
                {
                    "cityname": "Kitakyushu",
                    "zipcodes": [
                        "80300",
                        "80301",
                        "80302",
                        "80303",
                        "80304"
                    ],
                    "areacodes": [
                        "093"
                    ]
                },
                {
                    "cityname": "Kurume",
                    "zipcodes": [
                        "83000",
                        "83001",
                        "83002",
                        "83003",
                        "83004"
                    ],
                    "areacodes": [
                        "0942"
                    ]
                },
                {
                    "cityname": "Koga",
                    "zipcodes": [
                        "81100",
                        "81101",
                        "81102",
                        "81103",
                        "81104"
                    ],
                    "areacodes": [
                        "092"
                    ]
                },
                {
                    "cityname": "Chikushino",
                    "zipcodes": [
                        "81800",
                        "81801",
                        "81802",
                        "81803",
                        "81804"
                    ],
                    "areacodes": [
                        "092"
                    ]
                }
            ]
        },
        "Shizuoka": {
            "name": "Shizuoka",
            "cities": [
                {
                    "cityname": "Shizuoka City",
                    "zipcodes": [
                        "42000",
                        "42001",
                        "42002",
                        "42003",
                        "42004"
                    ],
                    "areacodes": [
                        "054"
                    ]
                },
                {
                    "cityname": "Hamamatsu",
                    "zipcodes": [
                        "43000",
                        "43001",
                        "43002",
                        "43003",
                        "43004"
                    ],
                    "areacodes": [
                        "053"
                    ]
                },
                {
                    "cityname": "Fujieda",
                    "zipcodes": [
                        "42600",
                        "42601",
                        "42602",
                        "42603",
                        "42604"
                    ],
                    "areacodes": [
                        "054"
                    ]
                },
                {
                    "cityname": "Numazu",
                    "zipcodes": [
                        "41000",
                        "41001",
                        "41002",
                        "41003",
                        "41004"
                    ],
                    "areacodes": [
                        "055"
                    ]
                },
                {
                    "cityname": "Izu",
                    "zipcodes": [
                        "41300",
                        "41301",
                        "41302",
                        "41303",
                        "41304"
                    ],
                    "areacodes": [
                        "055"
                    ]
                }
            ]
        },
        "Kyoto": {
            "name": "Kyoto",
            "cities": [
                {
                    "cityname": "Kyoto City",
                    "zipcodes": [
                        "60000",
                        "60001",
                        "60002",
                        "60003",
                        "60004"
                    ],
                    "areacodes": [
                        "075"
                    ]
                },
                {
                    "cityname": "Uji",
                    "zipcodes": [
                        "61100",
                        "61101",
                        "61102",
                        "61103",
                        "61104"
                    ],
                    "areacodes": [
                        "0774"
                    ]
                },
                {
                    "cityname": "Kusatsu",
                    "zipcodes": [
                        "52500",
                        "52501",
                        "52502",
                        "52503",
                        "52504"
                    ],
                    "areacodes": [
                        "077"
                    ]
                },
                {
                    "cityname": "Oyamazaki",
                    "zipcodes": [
                        "61800",
                        "61801",
                        "61802",
                        "61803",
                        "61804"
                    ],
                    "areacodes": [
                        "075"
                    ]
                },
                {
                    "cityname": "Muko",
                    "zipcodes": [
                        "61700",
                        "61701",
                        "61702",
                        "61703",
                        "61704"
                    ],
                    "areacodes": [
                        "075"
                    ]
                }
            ]
        },
        "Okinawa": {
            "name": "Okinawa",
            "cities": [
                {
                    "cityname": "Naha",
                    "zipcodes": [
                        "90000",
                        "90001",
                        "90002",
                        "90003",
                        "90004"
                    ],
                    "areacodes": [
                        "098"
                    ]
                },
                {
                    "cityname": "Okinawa City",
                    "zipcodes": [
                        "90400",
                        "90401",
                        "90402",
                        "90403",
                        "90404"
                    ],
                    "areacodes": [
                        "098"
                    ]
                },
                {
                    "cityname": "Ishigaki",
                    "zipcodes": [
                        "90700",
                        "90701",
                        "90702",
                        "90703",
                        "90704"
                    ],
                    "areacodes": [
                        "0980"
                    ]
                },
                {
                    "cityname": "Uruma",
                    "zipcodes": [
                        "90410",
                        "90411",
                        "90412",
                        "90413",
                        "90414"
                    ],
                    "areacodes": [
                        "098"
                    ]
                },
                {
                    "cityname": "Nago",
                    "zipcodes": [
                        "90500",
                        "90501",
                        "90502",
                        "90503",
                        "90504"
                    ],
                    "areacodes": [
                        "0980"
                    ]
                }
            ]
        },
        "Ibaraki": {
            "name": "Ibaraki",
            "cities": [
                {
                    "cityname": "Mito",
                    "zipcodes": [
                        "31000",
                        "31001",
                        "31002",
                        "31003",
                        "31004"
                    ],
                    "areacodes": [
                        "029"
                    ]
                },
                {
                    "cityname": "Hitachi",
                    "zipcodes": [
                        "31700",
                        "31701",
                        "31702",
                        "31703",
                        "31704"
                    ],
                    "areacodes": [
                        "0294"
                    ]
                },
                {
                    "cityname": "Tsukuba",
                    "zipcodes": [
                        "30500",
                        "30501",
                        "30502",
                        "30503",
                        "30504"
                    ],
                    "areacodes": [
                        "0298"
                    ]
                },
                {
                    "cityname": "Tsuchiura",
                    "zipcodes": [
                        "30000",
                        "30001",
                        "30002",
                        "30003",
                        "30004"
                    ],
                    "areacodes": [
                        "029"
                    ]
                },
                {
                    "cityname": "Kashima",
                    "zipcodes": [
                        "31400",
                        "31401",
                        "31402",
                        "31403",
                        "31404"
                    ],
                    "areacodes": [
                        "0299"
                    ]
                }
            ]
        },
        "Hiroshima": {
            "name": "Hiroshima",
            "cities": [
                {
                    "cityname": "Hiroshima City",
                    "zipcodes": [
                        "73000",
                        "73001",
                        "73002",
                        "73003",
                        "73004"
                    ],
                    "areacodes": [
                        "082"
                    ]
                },
                {
                    "cityname": "Kure",
                    "zipcodes": [
                        "73700",
                        "73701",
                        "73702",
                        "73703",
                        "73704"
                    ],
                    "areacodes": [
                        "0823"
                    ]
                },
                {
                    "cityname": "Fukuyama",
                    "zipcodes": [
                        "72000",
                        "72001",
                        "72002",
                        "72003",
                        "72004"
                    ],
                    "areacodes": [
                        "084"
                    ]
                },
                {
                    "cityname": "Onomichi",
                    "zipcodes": [
                        "72200",
                        "72201",
                        "72202",
                        "72203",
                        "72204"
                    ],
                    "areacodes": [
                        "0848"
                    ]
                },
                {
                    "cityname": "Hatsukaichi",
                    "zipcodes": [
                        "73900",
                        "73901",
                        "73902",
                        "73903",
                        "73904"
                    ],
                    "areacodes": [
                        "0829"
                    ]
                }
            ]
        },
        "Miyagi": {
            "name": "Miyagi",
            "cities": [
                {
                    "cityname": "Sendai",
                    "zipcodes": [
                        "98000",
                        "98001",
                        "98002",
                        "98003",
                        "98004"
                    ],
                    "areacodes": [
                        "022"
                    ]
                },
                {
                    "cityname": "Ishinomaki",
                    "zipcodes": [
                        "98600",
                        "98601",
                        "98602",
                        "98603",
                        "98604"
                    ],
                    "areacodes": [
                        "0225"
                    ]
                },
                {
                    "cityname": "Sakata",
                    "zipcodes": [
                        "99800",
                        "99801",
                        "99802",
                        "99803",
                        "99804"
                    ],
                    "areacodes": [
                        "0234"
                    ]
                },
                {
                    "cityname": "Kakuda",
                    "zipcodes": [
                        "98100",
                        "98101",
                        "98102",
                        "98103",
                        "98104"
                    ],
                    "areacodes": [
                        "022"
                    ]
                },
                {
                    "cityname": "Shiogama",
                    "zipcodes": [
                        "98500",
                        "98501",
                        "98502",
                        "98503",
                        "98504"
                    ],
                    "areacodes": [
                        "022"
                    ]
                }
            ]
        },
        "Nagasaki": {
            "name": "Nagasaki",
            "cities": [
                {
                    "cityname": "Nagasaki City",
                    "zipcodes": [
                        "85000",
                        "85001",
                        "85002",
                        "85003",
                        "85004"
                    ],
                    "areacodes": [
                        "095"
                    ]
                },
                {
                    "cityname": "Isahaya",
                    "zipcodes": [
                        "85400",
                        "85401",
                        "85402",
                        "85403",
                        "85404"
                    ],
                    "areacodes": [
                        "0957"
                    ]
                },
                {
                    "cityname": "Sasebo",
                    "zipcodes": [
                        "85700",
                        "85701",
                        "85702",
                        "85703",
                        "85704"
                    ],
                    "areacodes": [
                        "0956"
                    ]
                },
                {
                    "cityname": "Omura",
                    "zipcodes": [
                        "85600",
                        "85601",
                        "85602",
                        "85603",
                        "85604"
                    ],
                    "areacodes": [
                        "0957"
                    ]
                },
                {
                    "cityname": "Tamae",
                    "zipcodes": [
                        "85900",
                        "85901",
                        "85902",
                        "85903",
                        "85904"
                    ],
                    "areacodes": [
                        "0959"
                    ]
                }
            ]
        },
        "Kumamoto": {
            "name": "Kumamoto",
            "cities": [
                {
                    "cityname": "Kumamoto City",
                    "zipcodes": [
                        "86000",
                        "86001",
                        "86002",
                        "86003",
                        "86004"
                    ],
                    "areacodes": [
                        "096"
                    ]
                },
                {
                    "cityname": "Amakusa",
                    "zipcodes": [
                        "86300",
                        "86301",
                        "86302",
                        "86303",
                        "86304"
                    ],
                    "areacodes": [
                        "0969"
                    ]
                },
                {
                    "cityname": "Yamato",
                    "zipcodes": [
                        "86900",
                        "86901",
                        "86902",
                        "86903",
                        "86904"
                    ],
                    "areacodes": [
                        "0965"
                    ]
                },
                {
                    "cityname": "Kikuchi",
                    "zipcodes": [
                        "86100",
                        "86101",
                        "86102",
                        "86103",
                        "86104"
                    ],
                    "areacodes": [
                        "0968"
                    ]
                },
                {
                    "cityname": "Higo",
                    "zipcodes": [
                        "86920",
                        "86921",
                        "86922",
                        "86923",
                        "86924"
                    ],
                    "areacodes": [
                        "0967"
                    ]
                }
            ]
        },
        "Niigata": {
            "name": "Niigata",
            "cities": [
                {
                    "cityname": "Niigata City",
                    "zipcodes": [
                        "95000",
                        "95001",
                        "95002",
                        "95003",
                        "95004"
                    ],
                    "areacodes": [
                        "025"
                    ]
                },
                {
                    "cityname": "Nagaoka",
                    "zipcodes": [
                        "94000",
                        "94001",
                        "94002",
                        "94003",
                        "94004"
                    ],
                    "areacodes": [
                        "0258"
                    ]
                },
                {
                    "cityname": "Sanjo",
                    "zipcodes": [
                        "95900",
                        "95901",
                        "95902",
                        "95903",
                        "95904"
                    ],
                    "areacodes": [
                        "0256"
                    ]
                },
                {
                    "cityname": "Murakami",
                    "zipcodes": [
                        "95800",
                        "95801",
                        "95802",
                        "95803",
                        "95804"
                    ],
                    "areacodes": [
                        "0254"
                    ]
                },
                {
                    "cityname": "Tsubame",
                    "zipcodes": [
                        "95920",
                        "95921",
                        "95922",
                        "95923",
                        "95924"
                    ],
                    "areacodes": [
                        "0256"
                    ]
                }
            ]
        },
        "Okayama": {
            "name": "Okayama",
            "cities": [
                {
                    "cityname": "Okayama City",
                    "zipcodes": [
                        "70000",
                        "70001",
                        "70002",
                        "70003",
                        "70004"
                    ],
                    "areacodes": [
                        "086"
                    ]
                },
                {
                    "cityname": "Kurashiki",
                    "zipcodes": [
                        "71000",
                        "71001",
                        "71002",
                        "71003",
                        "71004"
                    ],
                    "areacodes": [
                        "086"
                    ]
                },
                {
                    "cityname": "Tsuyama",
                    "zipcodes": [
                        "70800",
                        "70801",
                        "70802",
                        "70803",
                        "70804"
                    ],
                    "areacodes": [
                        "0868"
                    ]
                },
                {
                    "cityname": "Bizen",
                    "zipcodes": [
                        "70500",
                        "70501",
                        "70502",
                        "70503",
                        "70504"
                    ],
                    "areacodes": [
                        "0869"
                    ]
                },
                {
                    "cityname": "Sōja",
                    "zipcodes": [
                        "71900",
                        "71901",
                        "71902",
                        "71903",
                        "71904"
                    ],
                    "areacodes": [
                        "0866"
                    ]
                }
            ]
        },
        "Kagoshima": {
            "name": "Kagoshima",
            "cities": [
                {
                    "cityname": "Kagoshima City",
                    "zipcodes": [
                        "89000",
                        "89001",
                        "89002",
                        "89003",
                        "89004"
                    ],
                    "areacodes": [
                        "099"
                    ]
                },
                {
                    "cityname": "Kirishima",
                    "zipcodes": [
                        "89900",
                        "89901",
                        "89902",
                        "89903",
                        "89904"
                    ],
                    "areacodes": [
                        "0995"
                    ]
                },
                {
                    "cityname": "Izumi",
                    "zipcodes": [
                        "89920",
                        "89921",
                        "89922",
                        "89923",
                        "89924"
                    ],
                    "areacodes": [
                        "0996"
                    ]
                },
                {
                    "cityname": "Makurazaki",
                    "zipcodes": [
                        "89800",
                        "89801",
                        "89802",
                        "89803",
                        "89804"
                    ],
                    "areacodes": [
                        "0993"
                    ]
                },
                {
                    "cityname": "Amami",
                    "zipcodes": [
                        "89400",
                        "89401",
                        "89402",
                        "89403",
                        "89404"
                    ],
                    "areacodes": [
                        "0997"
                    ]
                }
            ]
        }
    },
    "citycontainers": [
        "prefectures"
    ],
    "firstnames": [
        "Haruto",
        "Yuto",
        "Sota",
        "Haru",
        "Riku",
        "Ren",
        "Kaito",
        "Yuki",
        "Koharu",
        "Hinata",
        "Yuma",
        "Saku",
        "Kenta",
        "Ryo",
        "Shunya",
        "Takumi",
        "Shota",
        "Daiki",
        "Tomo",
        "Keita",
        "Ryota",
        "Yuuto",
        "Koki",
        "Yusuke",
        "Kaito",
        "Sei",
        "Sho",
        "Tatsuya",
        "Kei",
        "Haruki",
        "Itsuki",
        "Shion",
        "Shunya",
        "Takahiro",
        "Yoshiki",
        "Riki",
        "Yudai",
        "Junya",
        "Hiroto",
        "Ryusei",
        "Takuto"
    ],
    "lastnames": [
        "Tanaka",
        "Yamamoto",
        "Kobayashi",
        "Sato",
        "Suzuki",
        "Takahashi",
        "Watanabe",
        "Ito",
        "Yoshida",
        "Matsumoto",
        "Inoue",
        "Kato",
        "Yamashita",
        "Nakamura",
        "Fujita",
        "Ishikawa",
        "Murakami",
        "Shimizu",
        "Kaneko",
        "Sakamoto",
        "Nakajima",
        "Yamaguchi",
        "Hasegawa",
        "Kurosawa",
        "Okada",
        "Tsuboi",
        "Miyamoto",
        "Fujii",
        "Kobayashi",
        "Abe",
        "Kurosawa",
        "Kawai",
        "Nishimura",
        "Imai",
        "Takahira",
        "Honda",
        "Ono",
        "Takeda",
        "Kinoshita",
        "Saito",
        "Fukuda"
    ]
}